{"mean": [0.16329428470003549, 32.48509052183174, 64.92996095136671, 2301.3190273340433, 0.5028399006034788, 0.48438054668086616, 0.29801206957756476, 0.9007809726659567, 0.09921902733404331, 0.42421015264465745, 0.44071707490237844, 0.2154774582889599, 0.2154774582889599, 0.2880724174653887, 0.2154774582889599, 0.3510827121050763, 0.2154774582889599, 0.3457578984735534, 0.2154774582889599, 0.2926872559460419, 0.2154774582889599, 0.38942137025204115, 0.2154774582889599, 0.39101881434149804, 0.20820021299254526, 0.24121405750798722, 0.5912318068867589, 0.21529996450124245, 0.33564075257365994, 0.22825701100461485], "scale": [0.3696339558053876, 24.56656301538815, 30.135430576006627, 2277.6070530763936, 0.49999193489951654, 0.4997559731288975, 0.4573848226205823, 0.2989558695676164, 0.2989558695676164, 0.4942225197599295, 0.49647309573819787, 0.41115316277305886, 0.41115316277305886, 0.45286499065509084, 0.41115316277305886, 0.47730874847002375, 0.41115316277305886, 0.47561473286338113, 0.41115316277305886, 0.4549960726784552, 0.41115316277305886, 0.4876190794493831, 0.41115316277305886, 0.48797858679707157, 0.4060207929434206, 0.4278198639246671, 0.4916063032673372, 0.411030278430928, 0.4722139745766183, 0.41970912300288876]}